01.02.27;52.10.06.15
29.35.00;26.40.10.15
06.02.40;37.25.26.50
83.01.00;63.05.05,63.05.05.10,63.05.10,63.05.10.05,63.05.10.10
17.05.08;10.06.15.60,10.06.20.35
01.02.25;52.10.06.20
27.24.42;20.20.40.45,26.15.15.05
81.14.10;05.05.45.25
00.32.22;06.30.10.45
32.45.04;26.05.05.05
17.05.00;10.06.15,10.06.15.60,10.06.20,10.06.20.35,10.06.40.15
27.24.45;26.15.30.05
09.17.19;37.25.03.02
00.32.28;06.30.02,06.30.02.05,06.30.02.10,06.30.02.15,06.30.02.20,06.30.02.25,06.30.02.30,06.30.02.35
18.10.06;10.06.52.25
07.08.00;37.40.40.10
18.10.02;10.06.52.11
32.45.10;30.27.05.05
18.10.00;10.06.52
85.10.16;05.05.12.45
18.10.01;10.06.52.25
27.36.20;26.11.05.05
01.02.32;52.10.10,52.10.10.15
27.36.24;26.11.05.25
28.18.04;10.06.40.35,24.05.04.10
27.48.04;26.25.08.15
21.20.00;16.05.20.05
09.17.24;37.25.03.06
28.18.08;24.05.04.15
09.17.21;37.25.03.04
01.02.36;52.10.10.15
04.05.00;38.10.20.05
32.21.24;26.25.05.55
85.10.10;05.05.12.05
17.05.15;10.06.20.15,10.06.20.35
17.27.21;10.06.60
85.10.11;05.05.12.30
20.15.00;16.05.10,16.05.10.07
17.05.10;10.06.15.60
32.21.28;26.25.05.60
17.05.11;10.06.15.60
17.27.25;10.06.20.15,10.06.20.20,10.06.52.16,10.06.60.15
85.10.06;05.05.12.25
03.01.00;54.19.35,54.19.35.30
85.10.09;05.05.12.15
17.05.20;10.06.15.60
18.09.02;10.06.52.06
32.45.20;26.05.05.05,30.27.05.05
09.05.10;37.10.15,37.10.15.05
03.01.02;54.19.35.20
85.10.03;05.05.12.05
03.01.03;54.19.35.10
08.13.05;58.20.05.35
03.01.04;54.19.35.40
08.13.02;59.25.10.15
85.10.05;05.05.12.35
27.30.00;26.15.50
20.03.20;16.10.16.20
08.13.00;58.20.10,58.20.10.25
08.13.01;59.25.10.15
01.02.40;52.10.10.15
81.38.06;60.05.40.10
20.03.05;16.10.16.10
27.24.27;26.15.40.20
81.38.07;60.05.40.10
81.38.04;60.05.40.10
81.38.05;60.05.40.10
07.18.20;37.40.20.20
81.38.08;60.05.40.10
27.24.20;26.15.30.25
00.32.00;67.50,67.50.10,67.50.10.05,67.50.10.10,67.50.10.20,67.50.10.30,67.50.10.40,67.50.15.10,67.50.15.15,67.50.18,67.50.18.10,67.50.18.20,67.50.24,67.50.24.05,67.50.24.10,67.50.24.15,67.50.25,67.50.25.15,67.50.25.25,67.50.35,67.50.35.05,67.50.45
00.32.02;67.50.10.25
27.24.24;26.15.40.05
81.38.02;60.05.40.10
17.27.14;10.06.60.05
81.38.03;60.05.40.10
00.32.04;67.50.25.20
17.27.17;10.06.60.10,10.10.15.25
27.24.26;26.15.30.35
81.38.00;60.05.40,60.05.40.10
17.27.16;10.06.20.15,10.06.60.05,10.10.15.25
27.24.25;26.15.40.10
81.38.01;60.05.40.10
27.36.06;26.11.05.30
27.36.08;26.11.05.35
84.05.00;18.25.05.45
54.15.00;10.18.26
84.05.02;18.25.05.45
01.02.52;52.10.06.30
85.00.00;65.50.05,65.50.05.05
84.05.01;18.25.05.45
17.15.20;10.06.15.27
27.36.00;26.11,26.11.05
84.05.03;18.25.05.45
15.08.00;10.10.15.05
20.03.12;16.10.16.15
27.36.04;20.20.27.05,26.11.05.10,26.11.05.15,26.11.05.20
20.03.14;16.10.16.15
15.08.05;10.10.15.05
27.24.39;26.15.30.20
09.17.03;37.25.03.08
00.32.18;67.50.45.05
09.17.04;37.25.03.08
15.08.07;10.10.15.05
09.17.01;37.25.03.02,37.25.03.04
15.08.06;10.10.15.05
09.17.02;37.25.03.02,37.25.03.04
09.17.00;37.25.03,37.25.03.20
07.18.10;37.40.20.20
17.27.00;10.06.20,10.06.60
08.01.00;58.20.10,58.20.10.10
00.32.10;67.50.25.05
09.17.09;37.25.03.08
00.32.12;67.50.25.10
00.32.13;67.50.25
09.17.07;37.25.03.08
00.32.14;67.50.45.10
09.17.08;37.25.03.08
09.17.05;37.25.03.08
09.17.06;37.25.03.08
32.45.00;30.27,30.27.05,30.27.05.05
81.04.04;60.05.22.10
18.10.10;10.06.52.25
81.04.02;60.05.22.05
15.08.10;10.10.15.05
20.03.00;16.10.16
07.18.00;37.40.20,37.40.20.30
27.36.12;26.11.05.40
81.04.00;60.05.22
20.03.02;16.10.16.05
07.18.06;37.40.20.10
20.03.01;16.10.16.05
27.36.16;26.11.05.45
25.03.00;30.06.45,30.06.45.05
81.36.05;60.05.03.40
17.03.22;10.06.25.20,10.06.25.25
03.25.07;26.40.15.05
17.03.20;10.06.15.20
27.24.00;26.15,26.15.30,26.15.40
81.36.00;60.05.03,60.05.03.40
03.25.03;26.40.15.05
81.36.01;60.05.03.40
03.25.00;26.40,26.40.15,26.40.15.05
27.24.03;26.15.30.15
03.25.01;26.40.15.05
21.10.00;16.05.20.05
84.07.00;05.05.15.05
17.15.00;10.06.15
17.15.01;10.06.15.25
20.05.10;16.20.30.05
05.00.00;58.05.05
17.15.04;10.06.15.30
20.05.15;16.20.30.45
17.15.02;10.06.15.25
17.15.03;10.06.15.25
20.05.16;16.20.30.45
27.12.12;26.15.22.10,26.15.22.15
27.24.19;26.15.30.30
19.02.01;16.05.15
27.12.06;20.10.35.05,20.10.35.10,26.15.22.05,26.15.22.15
19.02.00;16.05.15,16.05.15.05,16.05.15.15
27.12.04;26.15.22.10
02.08.10;54.17.15.40
27.12.08;26.15.22.05
00.07.20;05.05.08.50
19.02.09;16.05.15
20.05.00;16.20.30.50
81.02.00;60.05.03.05
19.02.06;16.05.15
20.05.01;16.20.30.05
01.02.00;52.10.06
19.02.04;16.05.15
19.02.03;16.05.15
27.12.00;26.15.22
19.02.02;16.05.15
17.03.08;10.06.25.15,10.06.52.20
01.02.05;52.10.06.15
17.03.07;10.06.25.12
82.08.00;62.05.20,62.05.20.10
01.02.03;52.10.03.15,52.10.06.05
17.03.09;10.06.25.30
17.03.00;10.06.15,10.06.25
18.09.00;10.06.52
18.09.01;10.06.52.06
17.03.04;10.06.25.05,10.06.54.15
15.21.05;14.40.20.20,14.40.20.30
19.02.12;16.05.15
19.02.11;16.05.15
09.05.02;37.10.25.25
03.01.10;54.19.22.94
15.21.03;14.37.05.02
19.02.10;16.05.15
09.05.01;37.10.25.05,37.10.25.20
09.05.00;37.10,37.10.03,37.10.03.05,37.10.25,37.10.25.10,37.10.25.30
02.08.00;54.17.15,54.17.15.40
19.02.19;16.05.15
19.02.18;16.05.15
19.02.17;16.05.15
27.12.30;40.15.05.15
15.21.01;14.37.05.02
21.09.00;16.05.20.05
28.18.00;24.05.04
19.02.15;16.05.15
09.05.05;37.10.10,37.10.10.05
15.21.00;14.37.05
27.12.34;40.15.05.17
18.20.02;17.22.05,17.22.05.15,17.22.05.20
01.02.15;52.10.06.10
17.03.10;10.06.25.10
27.63.00;26.25.05.09
81.14.00;05.05.45
81.14.01;60.15.15,60.15.15.05
27.63.04;26.25.05.09
05.12.00;54.15.15,54.15.15.05,54.15.15.10
81.36.10;60.05.03.40
27.12.26;40.15.05,40.15.05.15
00.07.40;05.05.45.05
05.07.01;58.05.05.10
05.07.00;58.05.05,58.05.05.10
01.00.00;52.10,52.10.01
00.24.00;05.05.45.05
20.30.00;16.05.35,16.05.35.05
17.20.07;10.06.10.15
17.20.04;10.06.10.05
17.20.05;10.06.10.05
17.20.03;10.06.10.25
17.20.00;10.06.10,10.06.10.20,10.06.40,10.06.54
17.20.01;10.06.10.10
29.03.04;20.02.03.05
83.15.15;62.05.30.15,63.05.10.15
29.03.06;20.02.03.20
04.20.00;38.20.20,38.20.20.05
29.03.08;20.02.03.05
84.03.00;05.05.15.15
85.02.01;05.05.08.15,65.40.10,65.40.10.05,65.40.10.10,65.50.05.05
84.03.02;05.05.15.15
84.03.01;05.05.15.39,05.05.15.41
85.02.02;65.50.05.05
84.03.04;05.05.15.15
84.03.03;05.05.15.15
29.03.00;20.02.02,20.02.02.05,20.02.02.10,20.02.02.15,20.02.02.20,20.02.03
85.02.00;65.50.10,65.50.10.05,65.50.10.10
84.03.06;05.05.15.15
84.03.05;05.05.15.15
84.03.08;05.05.15.45
84.03.07;05.05.15.15
84.03.09;05.05.15.45
23.04.00;08.15,08.15.15,08.15.15.05,08.15.15.10
29.15.00;20.10.15,20.10.15.05,20.10.15.40,20.10.15.50
29.15.04;20.10.15.10,20.10.15.15
13.30.05;56.05.15.05
13.05.26;59.05.10.17
00.36.00;67.50,67.50.52,67.50.52.05
84.03.10;05.05.15.15
81.06.02;60.05.22.25
81.06.01;60.05.22.25
81.06.00;60.05.22.25
13.30.00;56.05.15.05
83.15.00;63.10,63.10.10,63.10.10.05
05.07.02;58.05.05.10
29.15.16;20.10.15.25,20.10.15.30,20.10.15.35
09.20.08;37.25.04,37.25.04.10
15.28.00;14.37.15.05
27.51.08;26.15.15.20
82.04.00;62.05.20,62.05.20.05
14.06.01;47.30.10.10
14.06.02;47.30.10.05
14.06.00;47.30,47.30.10
29.15.12;20.10.15.20
17.07.01;10.06.15.92
21.05.00;16.05.20.05
01.12.00;54.19.45,54.19.45.20
27.51.00;20.20.40,26.15,26.15.15
27.51.04;20.20.40.10,20.20.40.45,26.15.15.05
85.02.08;65.50.05.05
29.15.20;20.10.15.45
32.03.00;26.30,26.30.05,26.30.10
29.27.00;20.19.03,20.19.03.05,20.19.03.15
85.02.15;05.05.08.15,65.50.05.05
85.02.10;65.50.05.05
18.17.00;10.10.15.10
04.10.00;38.20.12,38.20.12.05
14.06.20;47.30.10.10
82.06.00;62.05.05
82.06.03;62.05.05.05
82.06.02;62.05.05.10
09.17.53;37.25.03.06
32.03.08;26.30.05.05
04.10.03;38.20.12.05
08.08.10;58.20.10.30
00.34.05;67.50.50.05
32.03.04;26.30.05.05,26.30.10.10
21.07.00;16.05.20.05
32.03.14;26.30.10.05
08.08.00;58.20.10,58.20.10.30
01.10.00;16.05.05.25
32.03.12;20.05.15.40,26.30.10.05
08.08.01;58.20.10.30
08.08.06;58.20.10.30
32.03.10;26.30.10.05
08.08.05;58.20.10.30
09.17.60;37.25.03.25
15.06.00;14.45.15.10
04.10.10;38.20.12.05
32.15.04;08.25.15.10
09.19.02;37.25.12.05
09.19.01;37.25.12.05
32.15.00;08.25.15
09.19.00;37.25.12
32.03.18;26.30.05.10
32.03.16;26.30.05.10
32.03.24;14.37.15.15
17.07.00;10.06.15.92
32.03.20;26.30.05.10
08.08.15;58.20.10.30
20.07.20;16.10.16.25
00.22.02;05.05.45.05
20.07.25;16.10.16.25
00.22.00;05.05.45,05.05.45.05,05.05.45.10
03.11.00;54.19.10.45
00.22.04;05.05.45.05
05.09.04;58.05.07.20
32.15.12;08.25.15.10
05.09.08;58.05.07.10
17.05.26;10.06.15.60,10.06.20.35
17.05.28;10.06.15.60,10.06.20.35
17.05.22;10.06.15.60,10.06.20.35
09.17.38;37.25.03.06
09.17.39;37.25.03.06
32.03.36;26.30.05.10
17.05.30;10.06.15.60,10.06.20.35
32.27.05;14.37.15.20
32.03.34;26.30.05.10
09.30.00;37.25.02.12
20.07.10;16.10.16.25
20.07.11;16.10.16.25
32.03.32;26.30.05.10
32.27.00;14.37.15.20
20.07.15;16.10.16.25
05.09.10;58.05.07.10
32.15.06;08.25.15.10
05.09.12;58.05.07.30
32.15.08;08.25.15.05
81.28.00;60.05.17,60.05.17.10
32.15.24;08.25.15.10
32.15.20;08.25.15.10
09.17.44;37.25.03.06
09.17.41;37.25.03.06
17.05.32;10.06.15.60,10.06.20.35
23.06.00;08.15,08.15.05
32.03.38;26.30.05.10
32.03.46;26.30.05.10
82.16.00;62.05.18.10
82.16.01;62.05.18.10
82.16.02;62.05.18.10
32.03.42;26.30.05.05
20.07.00;16.10.16,16.10.16.25
00.34.00;67.50,67.50.50,67.50.50.05,67.50.50.15
20.07.03;16.10.16.25
09.17.50;37.25.03.06
20.07.04;16.10.16.25
09.17.51;37.25.03.06
20.07.01;16.10.16.25
20.07.02;16.10.16.25
29.03.12;20.02.03.10,20.02.03.15
05.09.00;58.05.07
20.07.05;16.10.16.25
05.09.02;58.05.07.10
82.16.05;62.05.18.10
32.15.34;08.25.15.10
84.00.00;05.05.15
32.15.30;08.25.15.10
09.35.00;37.25.02,37.25.02.20
24.05.10;34.35.10.10
82.02.00;62.05.18.20
04.11.16;38.20.12.10
02.25.00;54.17.15,54.17.15.25
54.20.00;10.10.05,10.10.05.02
21.03.00;16.05.20.05,16.05.20.27
32.15.28;08.25.15.10
04.11.20;38.20.12.10
24.05.00;34.35.10,34.35.10.10
02.25.01;54.17.15.25
32.15.40;08.25.15.10
17.00.00;10.06.15.55
02.25.05;54.17.15.25
23.01.10;08.25.05.10
17.00.01;10.06.05.45
02.25.06;54.17.15.25
23.01.02;08.25.05,08.25.05.05,08.25.05.10
23.01.00;08.25.05.10
82.14.00;62.05.25,62.05.25.05,62.05.25.10
32.27.10;14.40.05,14.40.05.15
84.12.00;26.05.05.10
25.45.00;30.27,30.27.05,30.27.05.05
25.45.03;42.20.10.24
27.18.24;24.05.10.29
25.45.02;42.20.10.24
02.01.01;54.17.15.10
29.18.00;20.10.20,20.10.20.05,20.10.20.10,20.10.20.15,20.10.20.20,20.10.20.25
02.01.02;54.17.15.10
32.15.50;08.25.15.10
02.01.00;54.17.15,54.17.15.10
02.01.06;54.17.15.10
02.01.03;54.17.15.10
20.08.20;16.10.04.40
25.45.10;30.27.05.05
87.15.00;60.05.40.05
20.08.25;16.10.04.40
09.01.07;37.25.12,37.25.12.10
01.09.05;38.40.30.05
07.13.00;37.40.20.40,37.40.30.50,37.40.40.35,37.40.40.40
01.09.00;38.40,38.40.30,38.40.30.05
04.11.00;38.20.12,38.20.12.10
14.09.00;47.30,47.30.25,47.30.25.05,47.30.25.10
81.10.00;60.05.45,60.05.45.05,60.05.45.15
04.11.03;38.20.12.10
84.00.10;05.05.20.15
14.09.04;47.30.25.05,47.30.25.10
32.15.60;08.25.15.10
04.11.09;38.20.12.10
04.11.04;38.20.12.10
13.04.00;56.05,56.05.20
00.15.15;67.50.40,67.50.40.05,67.50.40.10
01.09.10;38.40.30.05
20.08.12;16.10.04.40
20.08.10;16.10.04.40
20.08.16;16.10.04.40
05.05.06;58.05.05.04
05.05.05;58.05.05.02
05.05.00;58.05.05
14.10.00;47.20.05,47.20.05.05
27.18.00;24.05.02.50,24.05.10.29
20.11.04;16.05.10.10
20.11.02;16.05.10.10
04.01.00;38.10.20,38.10.20.05
81.30.15;60.05.17.15
01.07.04;54.19.45,54.19.45.10
04.01.09;38.10.20.05
01.07.00;52.10.08,52.10.08.10
05.05.12;58.05.05.05
81.30.11;60.05.17.15
09.11.00;37.25.04,37.25.04.05
20.11.00;16.05.10,16.05.10.10
02.03.00;54.17.15,54.17.15.15,54.17.15.30,54.17.15.35
81.30.06;60.05.17.15
06.11.01;37.25.24.15
81.30.05;60.05.17.15
06.11.00;37.25.24,37.25.24.15
81.30.04;60.05.17.15
84.02.00;05.05.15.15
06.11.05;37.25.24.15
00.03.02;02.05
21.15.00;16.05.20.05
81.19.00;60.05.12.25
32.30.04;14.35.15,14.35.15.15,14.40.10,14.40.10.10
32.30.00;14.40.10.05,14.40.10.10
04.01.20;38.10.20.05
32.30.08;14.35.15,14.35.15.15,14.40.10,14.40.10.05
27.18.16;24.05.02.50
03.30.10;54.19.10.55
00.03.10;03.10
27.18.12;24.05.02.50
24.03.00;34.25.15.25
17.20.17;10.06.10.15
17.20.18;10.06.15.22
17.20.15;10.06.40.10,10.06.40.25,10.06.54.05
17.20.16;10.06.10.15
87.00.10;60.05.40.05
04.01.14;38.10.20.05
04.01.15;38.10.20.05
03.30.05;54.19.10.55
08.05.00;58.20.05.15
04.01.10;38.10.20.05
04.01.11;38.10.20.05
17.20.19;10.06.40.20
87.00.05;60.05.40.05
00.03.08;03.10.05
29.06.00;06.30.10.55
03.30.00;54.19.10,54.19.10.55
27.18.02;24.05.02.50,24.05.10.29
04.01.16;38.10.20.05
29.06.04;06.30.06.15
00.03.04;06.35.05.10
17.02.18;10.06.15.85
00.30.04;67.50.07.05
17.02.16;10.06.15.75
20.01.05;16.10.20.35
00.30.02;67.50.07.10
20.01.06;16.10.20.40
00.30.00;06.05.15.10,06.30.06.20,06.30.06.25,06.30.10.50,67.50,67.50.07,67.50.07.35,67.50.15,67.50.15.10,67.50.15.15
01.05.15;38.10.05,38.10.05.05,38.10.05.10,38.10.05.15,38.10.05.20,38.10.05.25
20.01.09;16.10.20.20
01.05.18;38.20.30,38.20.30.05,52.10.10,52.10.10.20
00.30.08;67.50.07.25
87.00.00;60.05.40,60.05.40.05
00.30.06;67.50.50.05
17.02.11;10.06.15.05
05.13.01;58.05.05.35
08.03.30;58.20.10.20
27.57.04;26.15.10.05
54.17.00;26.40.15.20
27.57.00;26.15,26.15.10
08.03.35;58.20.10.20
05.01.12;58.05.05.05
01.05.25;16.05.05.10
83.10.00;10.02.10,10.02.10.10
15.20.51;14.40.15.10,14.40.15.12,26.40.15.18
20.01.10;16.10.20.30
27.57.08;26.15.10.10
05.01.10;58.05.05.15
00.30.14;67.50.15.05
00.30.12;67.50.07
29.21.08;20.20.50.15
00.30.10;67.50.07.10,67.50.07.15,67.50.07.27,67.50.07.30
06.01.00;37.25.21
06.01.06;37.25.21.10
06.01.03;37.25.21.05
17.02.24;10.06.15.85
15.22.06;14.37.10.20
14.00.03;47.12.10.05
08.03.40;58.20.10.20
30.10.10;40.15.05.20
08.03.42;58.20.10.20
32.30.12;14.40.10.05
14.00.00;47.12,47.12.10
32.30.10;14.40.10.05
15.22.09;14.37.10.20
29.21.04;20.20.50.05,20.20.50.10
05.01.22;58.05.05.45
14.00.09;20.17.10,20.17.10.05,20.17.10.10
05.01.25;58.05.05.20,58.10,58.10.05,58.10.05.05,58.10.05.11,58.10.05.12,58.10.05.14
29.21.00;20.20.50
14.00.08;47.15,47.15.05,47.15.05.05,47.15.10,47.15.10.05,47.15.10.10,47.15.10.15,47.25,47.25.15,47.25.15.15,58.10.05.30
15.22.03;14.37.10.20
20.01.00;16.10.20
15.22.00;14.37.10,14.37.10.20
20.01.01;16.10.20.25
14.00.06;47.12.10.10
20.01.02;16.10.20.25
14.00.05;47.12.05,47.12.05.05
00.07.07;05.05.08.35,20.05.05.25
00.07.08;05.05.08.40,20.05.05.25
14.12.00;47.30,47.30.05,47.30.05.05,47.30.05.10,47.30.05.15
22.11.10;59.10.10.35
06.01.17;30.15.20.43,37.25.21.20
06.01.15;37.25.21.15
21.11.00;16.05.20.05
03.25.25;26.40.15.05
14.00.12;47.20.15.40
14.00.10;47.12.10.15,47.12.10.20,47.15.10.15
04.03.00;38.10.20,38.10.20.10
00.07.10;05.05.08.15
22.11.02;59.10.10.35
22.11.03;59.10.10.35
05.01.35;58.05.05.02
22.11.00;59.10.10.35
22.11.01;59.10.10.35
00.07.15;05.05.08.45
00.07.17;05.05.60.15
17.02.07;10.06.20.10
06.01.20;37.25.21.60
05.13.18;58.05.07.30
17.02.05;10.06.15.70
17.02.04;10.06.15.90
32.42.04;20.05.05.60,20.30.10.10,20.30.15.05,20.30.15.10,20.30.15.15,20.30.15.20
17.02.09;10.06.15.15,10.06.15.35,10.06.15.40,10.06.15.45
32.42.00;20.30,20.30.10,20.30.15
02.03.15;54.17.15.15
03.25.18;26.40.15.05
05.13.10;58.05.20,58.05.20.05
03.25.15;26.40.15.05
06.01.26;37.25.21.35
08.25.35;58.15.10.10
03.25.16;26.40.15.05
06.01.25;37.25.21.05
17.02.03;10.06.15.65
05.13.15;59.10.10.25
17.02.02;10.06.15.10
02.03.17;54.17.15.15
17.02.00;10.06.15,10.06.20
32.42.08;26.25.05.05
03.25.12;26.40.15.05
06.01.29;37.25.21.30
02.03.16;54.17.15.15
08.25.30;58.15.10.10
03.03.00;54.19.26,54.19.26.10,54.19.26.20,54.19.26.30
54.17.12;08.30.10.25
08.03.25;58.20.10.20
00.07.00;05.05,05.05.08
05.01.45;58.05.05
08.03.26;58.20.10.20
00.07.01;05.05.08.05
00.07.02;05.05.08.10
82.12.00;62.05.15.10
00.07.03;05.05.08.15,20.05.05.20
00.07.04;05.05.08.20
00.07.05;05.05.08.25
00.07.06;05.05.08.30
17.00.35;10.02.05,10.02.05.05,10.02.05.10,10.02.05.15,10.02.05.20,10.02.05.25
21.01.18;16.05.20.05
14.12.25;38.20.35.23
14.12.22;34.20.05.10,34.35.05.22,47.30.05.40
06.01.35;37.25.21.40
21.01.16;16.05.20.05
08.25.25;58.15.10.10
14.12.20;47.30.05.45
21.01.14;16.05.20.05
06.01.32;37.25.21.35
22.11.30;59.10.10.35
17.00.30;10.03,10.03.05,10.03.05.05,10.03.05.10,10.03.05.15,10.03.10,10.03.10.05,10.03.10.10
06.01.38;37.25.21.25
14.12.28;47.30.05.30
08.25.20;58.15.10.10
13.02.02;56.10.05.10
30.10.45;26.40.10,26.40.10.05
13.02.03;56.10.05.15,56.10.05.20,56.10.05.22,56.10.05.25
13.02.00;56.10,56.10.02,56.10.05
13.02.01;56.10.05.05
81.22.00;60.05.03.15
21.01.20;16.05.20.05
13.02.08;56.10.02.05
22.11.22;59.10.10.35
14.12.15;54.17.20.08
06.01.41;37.25.21.45
14.12.16;47.30.05.20
83.00.00;63.05,63.10,63.10.05,63.10.05.05
08.25.15;58.15.10.10
06.01.44;37.25.21.50
02.05.18;54.17.15.25
07.03.10;37.40.40.30
08.25.10;58.15.10.10
06.01.47;37.25.21.55
02.05.14;54.17.15.25
02.05.15;54.17.15.25
07.03.11;37.40.40.30
14.12.17;47.30.05.15
02.05.16;54.17.15.25
54.15.08;10.18.26.05
14.12.18;47.30.05.35
02.05.17;54.17.15.25
27.33.00;26.15.60
09.25.00;34.25.15.12,34.30.05.25,37.25.44,37.25.44.10,37.25.44.20
05.03.06;58.05.15.05,58.05.15.10,58.05.15.15
08.03.00;58.20.10,58.20.10.20
22.11.14;59.10.10.35
05.03.05;58.05.15.05,58.05.15.10,58.05.15.15
82.10.00;62.05.20,62.05.20.15
27.33.08;26.15.60.20
00.05.07;16.10.28.05,47.35.05.10
08.03.08;58.20.10.20
27.33.04;26.15.60.10
05.03.00;58.05.15,58.05.15.05,58.05.15.10,58.05.15.15
08.25.05;58.15.10.10
02.05.07;54.17.15.25
08.25.00;58.15,58.15.10,58.15.10.10
02.05.08;54.17.15.25
82.00.00;62.05,62.05.18,62.05.18.05
85.10.00;05.05.12
02.05.09;54.17.15.25
85.10.01;05.05.12.10
22.01.01;34.35.10.05
02.05.03;54.17.15.25
22.01.02;34.35.10.05
07.03.03;37.40.40.30
02.05.04;54.17.15.25
07.03.00;37.40.40,37.40.40.30
02.05.05;54.17.15.25
02.05.06;54.17.15.25
02.05.10;54.17.15.25
02.05.11;54.17.15.25
22.01.10;34.35.10.05
02.05.12;54.17.15.25
02.05.13;54.17.15.25
18.12.05;10.06.52.25
21.01.00;16.05.20.05
01.05.00;38.10.10,38.10.10.05,38.10.10.10,38.10.10.12,38.20
54.15.40;10.18.26.15
01.05.02;38.20.25,38.20.25.05,38.20.25.10,38.20.25.15,38.20.25.20,38.20.25.25
06.03.01;37.25.24.05
01.05.09;38.20.05,38.20.05.05,38.20.05.10
06.03.02;37.25.24.05
01.05.08;38.20.10,38.20.10.03,38.20.10.07,38.20.10.15,38.20.10.20,38.20.10.25,38.20.10.30,38.20.10.35,38.20.10.40
06.03.03;37.25.24.05
09.13.00;37.25.38
06.03.00;37.25.24,37.25.24.05
09.13.05;34.25.10.05
09.13.06;37.25.38
09.13.01;37.25.38.05
54.15.28;10.18.26.10
09.13.02;34.25.10.05
09.13.03;37.25.38
09.13.04;37.25.38
84.10.00;10.06.05.20
02.05.00;54.17.15,54.17.15.25
02.05.01;54.17.15.25
81.22.10;60.10.05.30
32.10.08;26.25.10.05
22.01.00;34.35.10,34.35.10.05
02.05.02;54.17.15.25
81.00.00;60.05
30.10.30;59.35.05.10,59.35.05.15
01.05.12;38.10.10.05
21.01.12;16.05.20.05
01.05.11;38.20.20,38.20.20.05,38.20.20.10
14.02.00;47.30,47.30.20,47.30.20.05
14.02.01;47.30.20.05
21.01.10;16.05.20.05
32.10.00;26.25.10,26.25.10.05
01.05.13;38.10.10.15
01.05.10;38.20.15,38.20.15.05
32.10.04;26.25.10.05
22.11.38;59.10.10.35
29.12.00;20.10.25,20.10.25.05,20.10.25.15
06.03.12;37.25.24.05
32.10.20;26.25.10.05
06.03.10;37.25.24.05
06.03.11;37.25.24.05
27.25.12;40.15.05.10
27.60.16;26.10.05.25
87.20.00;60.05.40.05
19.03.02;16.05.25
19.03.01;16.05.25
27.60.14;26.10.05.20
03.00.20;54.19.10.20
19.03.00;16.05.25,16.05.25.30,16.05.25.40
27.60.12;26.10.05.20
03.12.09;54.19.15.45
03.12.08;54.19.15.40
03.12.07;54.19.15.35
03.12.06;54.19.15.30
03.12.05;54.19.15.25
81.03.00;60.05.03,60.05.03.10
03.12.04;54.19.15.20
19.03.08;16.05.25
20.04.01;16.10.04.30
32.10.12;26.25.10.05
01.03.00;52.10.08,52.10.08.05,52.10.08.15
03.12.03;54.19.15.15
03.12.02;54.19.15.10
19.03.06;16.05.05.02,16.05.25
03.12.01;54.19.15.05
20.04.02;16.10.04.30
03.12.00;54.19.15
19.03.04;16.05.25
20.04.05;16.10.04.30
32.10.16;26.25.10.05
19.03.03;16.05.25
29.12.12;20.10.25.20
32.10.32;26.25.10.05
01.03.02;52.10.08.15
06.03.20;37.25.24.05
01.03.03;52.10.08.15
82.07.00;62.05.15,62.05.15.05,62.05.15.10
27.60.08;26.10.05.20
29.12.16;20.10.25.25
81.50.00;60.25,60.25.10
81.37.00;60.05.03.30
29.00.00;20.02,20.05.05.14
27.60.04;26.10.05.20
19.03.11;16.05.25
19.03.10;16.05.25
84.06.00;05.05.15.35
27.60.00;26.10,26.10.05
03.12.18;54.19.15.80
03.12.17;54.19.15.80
32.10.24;26.25.10.05
03.12.15;54.19.15.75
03.12.14;54.19.15.70
03.12.13;54.19.15.65
19.03.17;16.05.25
03.12.12;54.19.15.60
32.10.28;26.25.10.05
03.12.11;54.19.15.55
19.03.15;16.05.25
03.12.10;54.19.15.50
03.09.60;54.19.22.96
17.04.18;10.06.15.88
29.12.20;20.10.25.25
81.15.03;60.05.12.12,60.05.12.20
32.10.40;26.25.10.05
88.12.12;67.50.56.02
81.15.00;60.05.03.15,60.05.12,60.05.12.03,60.10,60.10.03,60.10.03.05,60.10.03.10,60.10.03.15,60.10.05,60.10.05.15,60.10.05.20,60.10.05.25,60.10.10,60.10.10.05,60.10.10.10,60.10.10.15,60.10.15,60.10.15.05,60.10.15.10,60.10.15.15,60.10.15.20,60.10.20,60.10.20.05,60.10.25,60.10.25.05,60.10.30,60.10.30.05,60.10.30.10,60.10.35,60.10.35.05,60.10.35.10
17.04.11;10.06.15.97
17.04.15;10.06.15.97
01.15.00;34.25.10.05
17.04.13;10.06.15.97
29.24.00;20.20.40
85.11.08;68.55.05.05,68.55.05.10,68.55.05.15,68.55.05.25,68.55.10.15
19.03.22;16.05.25
32.00.00;26.25,26.25.05
83.12.00;63.05.05
03.00.00;54.19.05,54.19.10
85.11.04;67.50.56.15,68.55.05.20
83.12.05;63.05.05.05
85.11.06;67.50.56.15,68.55.05.17
29.24.08;20.20.40.10
32.10.36;26.25.10.05
03.00.05;54.19.05.10
03.00.07;54.19.05.10
29.24.04;20.20.40.05
19.03.25;16.05.25
54.26.00;10.10.05,10.10.05.08
81.15.18;60.05.12.10
27.25.08;40.15.05.10
32.10.52;26.25.10.05
81.15.17;60.05.12.05
81.15.16;60.05.12.15
17.04.23;10.06.15.97
17.04.22;10.06.15.97
85.11.00;68.55,68.55.05,68.55.10,68.55.15,68.55.15.02,68.55.15.10,68.55.15.15
17.04.20;10.06.15.97
27.25.00;40.15.05,40.15.05.10
85.11.02;68.55.10.10,68.55.10.25
17.04.25;10.06.15.50
15.20.03;14.37.05.06,14.37.10.15,14.40.20.10
21.08.02;16.05.20.05
15.20.02;14.37.05.06
21.08.01;16.05.20.05
15.20.05;14.37.05.06
21.08.04;16.05.20.05
15.20.04;14.37.05.06
21.08.03;16.05.20.05
29.24.12;20.20.40.55
21.08.06;16.05.20.05
19.03.30;16.05.25
15.20.09;14.37.05.06
32.10.44;26.25.10.05
15.20.01;14.37.05.06
21.08.00;16.05.20.05
15.20.00;14.37.05,14.37.05.20,14.37.10,14.40.20
19.03.36;16.05.25
32.10.48;26.25.10.05
32.10.60;26.25.10.05
32.12.00;26.25.10,26.25.10.15
09.16.00;37.25.42,37.25.42.10,37.25.42.15
08.00.05;58.20.10.05
81.13.01;60.15.15.10
32.10.64;26.25.10.05
08.00.00;58.20.10
81.13.00;60.15,60.15.05,60.15.05.05,60.15.05.10,60.15.10,60.15.10.05,60.15.10.10,60.15.15
01.13.00;34.25.10.05
03.02.00;54.19.10,54.19.10.30,54.19.10.35
05.23.04;58.05.05.50
27.35.12;26.15.10.20
88.00.00;59.05.10.05,67.50.56
88.12.00;63.10.05,63.10.05.05,63.10.10,63.10.10.05
32.10.56;26.25.10.05
54.24.04;10.10.05.06
27.35.16;26.11.10.05
17.04.07;10.06.15.97
17.04.06;10.06.15.97
54.24.02;10.10.05.06
54.24.00;10.10.05,10.10.05.06
17.04.00;10.06.15,10.06.15.97
17.04.05;10.06.15.97
32.00.24;14.40.10,14.40.10.20
17.04.04;10.06.15.97
17.04.03;10.06.15.97
17.04.02;10.06.15.97
03.02.20;54.19.10.40
85.11.20;68.55.15.05
15.20.24;14.37.10.10
09.04.01;37.25.03.30
27.35.24;26.11.10.15
09.04.00;37.25.03.30
27.35.20;26.11.10.10
32.10.68;26.25.10.05
32.12.08;26.25.10.15
15.20.20;14.37.05.06
09.04.05;37.25.03.30
32.12.04;26.25.10.15
15.20.22;14.37.05.06
32.24.06;14.40.15.10
32.24.05;14.40.15.10
17.02.30;10.06.15.05
32.24.04;14.40.15.10
32.24.03;14.40.15.14,26.25.15
17.02.36;10.06.20.25,10.06.20.30,10.06.52.16
32.24.08;14.40.05,14.40.05.05
32.24.07;14.40.15.10
15.20.36;14.40.20.40
07.17.08;37.40.30.10
32.24.12;14.40.05,14.40.05.10
27.57.20;26.15.10.25
25.02.09;30.06.50.20
25.02.08;30.06.50.10
25.02.03;30.06.50.15
07.17.00;37.40.30,37.40.30.20,37.40.30.30,37.40.30.40
25.02.01;30.06.50.10
25.02.00;30.06.50
03.12.20;54.19.15.80
17.02.40;10.06.15.80
27.35.04;26.11.05.02
27.57.12;26.15.10.11
05.01.08;58.05.05.04
32.24.02;14.40.15.10
27.35.00;26.11.10
04.18.00;38.20.35,38.20.35.02,38.20.35.07,38.20.35.09,38.20.35.11,38.20.35.12,38.20.35.13,38.20.35.14
32.24.00;14.40.15,26.40.15
20.04.10;16.10.04.35
05.01.00;58.05,58.05.05
05.01.01;54.15.10,54.15.10.06
05.01.02;58.05.05.02
27.57.16;26.15.10.13
13.11.00;56.05.20
28.15.20;24.05.10.07
00.01.00;05.05.45.05
04.08.00;17.22.02,17.22.02.15
04.31.20;18.25.15.05
09.08.20;37.25.15.02
32.24.28;14.40.10,14.40.10.12
03.09.02;54.19.22.20
27.27.36;26.15.40.15
03.09.03;54.19.22.35
27.27.33;26.15.40.15
03.09.04;54.19.22.10
03.09.05;54.19.22.10
27.27.39;26.15.40.15
01.11.20;54.25.10,54.25.10.05,54.25.10.10
03.09.00;54.19.22
03.09.01;54.19.22.10
32.24.30;14.40.10,14.40.10.12
13.06.05;54.17.10.10,54.17.10.15,54.17.10.20
88.16.00;67.50.56.02
13.06.04;54.17.10.10,54.17.10.15,54.17.10.20
27.27.42;26.15.40.15
08.10.00;58.20.10,58.20.10.35
88.16.04;67.50.56.02
32.24.32;14.40.15.12
09.08.15;37.25.30.10,37.25.30.30
27.69.00;26.05.05
04.31.10;18.25.15.05
28.15.16;24.05.10.02
32.36.00;26.40,26.40.20,26.40.20.05,26.40.20.10
04.31.11;18.25.15.05
03.09.13;54.19.22.35
03.09.15;54.19.22.80
04.31.15;18.25.15.05
27.27.45;26.15.40.15
13.06.03;54.17.10.10,54.17.10.15,54.17.10.20
01.11.30;54.25.15,54.25.15.20
13.06.02;54.17.10.10,54.17.10.15,54.17.10.20
03.09.10;54.19.22.25,54.19.22.80
85.13.00;06.38.10.10
27.27.48;26.15.40.15
13.06.01;54.17.10.10,54.17.10.15,54.17.10.20
13.06.00;54.17.10,54.17.10.10,54.17.10.15,54.17.10.20
32.24.20;14.35.15,14.35.15.15
21.06.00;10.06.15,10.06.15.95
01.11.24;54.25.15,54.25.15.10
01.11.22;54.25.15,54.25.15.05
03.09.06;54.19.22.10
01.11.27;54.25.15,54.25.15.15
03.09.07;54.19.22.10
01.11.28;54.25.25,54.25.25.05,54.25.25.10,54.25.25.15,54.25.25.20
03.09.08;54.19.22.10
01.11.26;54.25.15,54.25.15.15
09.08.00;34.25.15.15,37.25.15,37.25.15.10,37.25.30
09.08.06;37.25.30.25
09.08.05;37.25.30.20
04.08.20;17.22.02.15
04.31.01;18.25.15,18.25.15.15
27.39.00;26.11,26.11.05
04.31.00;18.25.15,18.25.15.05
00.13.06;05.15,05.15.10,05.15.10.20
81.30.03;60.05.17.15
81.30.02;60.05.17.15
32.24.48;26.40.15.18
81.30.01;60.05.17.15
00.13.08;65.40.05.15
81.30.00;60.05.17,60.05.17.15
00.13.02;65.40.05.20
04.31.09;18.25.15.05
00.13.04;65.40,65.40.05
01.11.40;54.25.20,54.25.20.05
02.34.04;54.17.20.02
01.11.34;54.25.35,54.25.35.05,54.25.35.10
32.24.52;14.40.15.25
00.13.10;65.40.05.25
01.11.32;54.25.30,54.25.30.05,54.25.30.10,54.25.30.15,54.25.30.20
02.34.00;54.17.20
02.34.02;54.17.20.08,54.17.20.15
01.11.36;54.25.05.05
09.08.35;37.25.15.05
15.40.00;06.30.10.30,26.40,26.40.15,26.40.15.25
18.18.00;17.20,17.20.05,17.20.05.17
04.08.10;17.22.02.15
04.08.12;17.22.02.15
01.01.00;52.10.03,52.10.03.10
04.08.11;17.22.02.15
01.01.01;52.10.03.05
04.08.14;17.22.02.15
01.01.02;20.02.10,20.02.10.10,52.10.03.20,52.10.03.25
08.20.25;58.15.10.20
88.04.00;62.05.05,62.05.05.15,62.05.05.20
27.27.27;26.15.40.15
15.17.00;14.37.10
00.13.00;65.40,65.40.05
32.24.45;14.40.15.14
27.27.32;26.15.40.15
32.24.44;14.40.15.14
27.27.30;26.15.40.15
09.08.22;37.25.15.02
81.29.03;60.10.40.20
04.08.09;17.22.02.15
81.29.00;60.10.40
03.09.40;54.19.22.96
08.20.15;59.20.10.07
23.05.00;08.15,08.15.05
02.00.10;54.17.15.05
23.05.01;08.15.05.05
15.17.09;14.37.10.05
15.17.06;14.40.10.10
03.22.15;26.15.10.15
27.03.26;26.15.50.20
03.09.44;54.19.22.80
03.22.10;26.15.10.15
32.26.08;26.40.15.30
15.40.20;26.40.15.20
15.17.12;14.37.10.05
32.26.14;14.40.17,14.40.17.05
19.03.44;16.05.25
27.03.30;26.15.50.20
20.08.00;16.10.04.40
03.10.24;54.19.10.45
20.08.04;16.10.04.40
20.08.02;16.10.04.40
03.10.20;54.19.10.10
27.69.40;26.05.05.10
15.40.22;26.40.15.30
20.08.06;16.10.04.40
08.20.00;58.15,58.15.10,58.15.10.10
03.09.52;54.19.22.80
14.07.02;47.35.20.10
08.20.05;58.15.10.30
27.69.48;26.05.05.15
03.22.05;26.15.10.15
14.07.03;47.35.10.05
14.07.00;47.35,47.35.05,47.35.10,47.35.10.15,47.35.10.30,47.35.10.35,47.35.15,47.35.20,47.35.20.05
14.07.01;47.35.05.05,47.35.10.50,47.35.15.15
23.05.12;08.15.05.15
27.27.00;26.15,26.15.40
15.17.18;14.37.10.22
02.00.00;54.17.15
03.22.00;26.15.10,26.15.10.15
27.03.12;06.30.15.05
23.05.10;08.15.05.10
15.17.22;14.37.10.30
28.03.00;24.05.04,24.05.06,24.05.10
15.40.10;26.40.15.15
23.05.05;08.15.05.25
28.03.04;24.05.02.05
81.27.05;60.05.17.05
81.27.00;60.05.17,60.05.17.05,60.10.40
28.03.08;24.05.06.05
81.27.01;60.05.17.05,60.10.40.10
15.40.15;26.40.15.08
81.27.02;60.05.17.05
27.69.56;08.20,08.20.10,08.20.10.20
09.18.05;37.25.06.30
28.15.00;24.05.10
09.18.02;37.25.06.20
09.18.01;37.25.06.10
09.18.00;37.25.06
28.15.04;24.05.10.12
03.09.24;54.19.22.45
81.39.10;60.05.22.15,60.05.22.20
03.09.26;54.19.22.50
28.15.08;24.05.10.17
15.17.26;14.37.10.25
81.39.15;60.05.22.15,60.05.22.20
03.09.22;54.19.22.60
81.50.10;60.25.10.10
81.50.05;60.25.10.05
03.09.18;54.19.22.05
28.03.12;24.05.10.01
03.10.04;54.19.10.15
14.07.06;47.35.15.05
14.07.07;47.35.10.40
28.03.16;24.05.04.05
14.07.04;47.35.10.25,47.35.15.10
03.10.00;54.19.10,54.19.10.05,54.19.10.45
81.05.00;60.05.03.25
14.07.08;47.35.10.45
27.69.60;08.20,08.20.07,08.20.07.10,08.20.07.20,08.20.07.30,08.20.07.40
14.07.09;47.35.10.55,47.35.15.20
09.18.14;37.25.06.05
54.22.00;10.10.05,10.10.05.04
09.18.10;37.25.06.40
81.39.00;60.05.22,60.05.22.15,60.05.22.20,60.05.32,60.05.32.05,60.05.32.15,60.05.32.25
85.15.03;68.55.10.05,68.55.20.10
85.15.02;68.55.20.15,68.55.20.20,68.55.20.25
27.60.28;26.10.05.40
27.03.34;26.15.50.20
09.18.17;37.25.06
85.15.00;54.15.05.20,68.55,68.55.10,68.55.20
81.50.15;60.25.10.15
27.60.24;26.10.05.35
01.11.00;54.25,54.25.05
04.21.01;34.25.05.25
03.09.29;54.19.22.10
27.60.20;26.10.05.30
04.21.00;34.25.05.25
27.15.12;26.05.15,26.05.15.05,26.05.15.10
00;05,06,65,67
32.16.04;08.25.15.10
01;37,38,52
27.42.32;26.15.05.05
02;54,54.17
03;54,54.19
32.16.00;08.25.15
04;17,38
28.12.32;24.05.06.15
25.10.15;30.04.10.05
05;58,58.03
06;37
82.25.00;62.05.20,62.05.20.20
07;37
08;58,58.20
09;37,38
27.42.36;26.15.05.05
13.03.20;56.05.15.10
20.10.00;16.05.10,16.05.10.15
13.03.18;56.05.15
15.01.16;14.40.15.05,14.40.15.20
05.04.08;58.05.05.04
05.04.06;58.05.05.02
15.01.12;14.40.15.05
17.11.00;10.06.40,10.06.54,10.06.54.05,10.06.54.10,10.06.54.15,10.06.54.20,10.06.54.25,10.06.54.30,10.06.57
05.04.00;58.05.05
27.42.20;26.15.05.05
13;56,59
28.12.20;24.05.06.25
14;47
15;14
09.00.08;37.30.15,37.30.15.05
32.16.12;08.25.15.10
09.00.07;38.20.11,38.20.11.05,38.20.11.10,38.20.11.15,38.20.11.20,38.20.11.25,38.20.11.30,38.20.11.35,38.20.11.40
17;10,10.06
18;17
28.12.24;24.05.06.35
19;16
25.10.00;30.04.10
27.42.28;26.15.05.05
28.12.28;24.05.06.10
27.42.24;26.15.05.05
13.03.01;56.05.15.05
17.11.16;10.06.40.30
27.54.00;26.15,26.15.15,26.15.15.10
15.01.03;14.37.15.10,14.40.10,14.40.10.15
09.00.04;37.30,37.30.05,37.30.05.05,37.30.05.07
27.54.04;26.15.15.10
32.16.08;08.25.15.05
09.00.00;37.25
05.04.12;58.05.05.05
15.01.00;14.40.15
27.54.08;26.15.15.05,26.15.15.10
32.16.06;08.25.15.10
20;16
21;16
22;34
23;08
32.16.24;08.25.15.10
24;34
18.15.00;17.20,17.20.05
25;30
21.02.05;16.05.20.05
18.15.01;17.20.05.05
27;26
32.16.20;08.25.15.10
28;24
29;20
04.10.20;38.20.12.05
18.15.05;17.20.05.10
29.30.12;20.30.05.05
29.30.10;20.17.05.05,20.17.05.10,20.17.15.05,20.17.15.10,20.17.15.15,20.17.15.20,20.17.15.25,20.17.20.05,20.17.20.10,20.17.25.05,20.17.25.10,20.17.25.15,20.17.25.20,20.17.25.25,20.17.30.05,20.17.30.10
27.42.12;26.15.05.05
29.30.16;20.02.15.15
84.11.00;24.05.02.20
08.06.00;58.20.10,58.20.10.40
21.02.10;16.05.20.05
30;18,40,42,46
32;14,26
05.04.22;58.05.05.45
18.15.10;17.20.05.30
27.42.00;26.15,26.15.05,26.15.05.05
32.16.34;08.25.15.10
29.30.00;20.02.03,20.02.15,20.17,20.17.05,20.17.15,20.17.20,20.17.25,20.17.30,20.30.05
32.16.30;08.25.15.10
02.00.20;54.15.05,54.15.05.05,54.15.05.10,54.15.05.25,54.15.05.30,54.17.20.20
82.01.00;62.05.18.25
27.42.08;26.15.05.05
29.30.04;20.02.10,20.02.10.05,20.02.10.25,20.02.10.35,20.02.10.45,20.02.10.50,20.02.10.55,20.02.10.60,20.02.10.65,20.02.15.05
13.03.30;56.05.15.30,56.05.15.35
27.42.04;26.15.05.05
29.30.08;20.02.15.10,20.19.02.05
13.03.24;52.10.10,52.10.10.10
20.20.00;16.05.10,16.05.10.05
32.16.28;08.25.15.10
54.06.26;10.18.10.12
27.30.08;26.15.50.10
32.16.40;08.25.15.10
54.06.20;10.18.10.12
32.06.00;26.25.15
17.21.15;10.06.05.40
54.18.08;10.10.15.20
32.06.04;26.25.15.05
13.05.00;59.05,59.05.05,59.05.10,59.05.10.10
00.14.00;05.15,05.15.10,05.15.10.10
54.18.16;10.03.20.10
87.01.02;60.05.40.05
87.01.03;60.05.40.05
54.18.11;10.10.15.20
28.00.00;24.05
27.30.04;26.15.50.05
54;10,10.10,10.18
25.20.10;30.06.20.05,30.06.20.10
17.21.00;10.06.05.40
20.00.00;16.10.32,16.10.32.10
82.03.00;62.05.18.15
17.21.05;10.06.05.40
32.06.12;26.25.15.10
32.16.50;08.25.15.10
17.21.03;10.06.05.40
87.01.00;60.05.40,60.05.40.05
87.01.01;60.05.40.05
17.21.01;10.06.05.40
32.06.16;26.25.15.15
54.18.05;10.10.15.20
32.06.08;26.25.15.10
54.18.00;10.10.15.20
27.30.16;26.15.50.20
27.30.12;26.15.50.15
25.20.00;30.06,30.06.20
32.18.04;26.25.08.05
06.00.00;37.25.17
28.12.12;24.05.06.30
32.18.00;26.25.08
13.05.20;59.05.10.50
06.00.05;37.25.17.05
09.10.00;37.25.46,37.30.10
32.16.60;08.25.15.10
28.12.16;24.05.06.20
13.05.24;59.05.10.18,59.05.10.20
09.10.04;37.25.46.05
07.00.10;37.40.10.60
13.05.22;59.05.10.30
06.00.07;38.50.10.40
09.10.08;37.30.10.05
13.05.16;59.05.05.20,59.05.10.10
13.05.14;59.05.10.14,59.05.10.16
00.14.20;05.15.10.10
13.05.18;59.05.10.25
88.04.28;62.05.05.25
82.13.00;62.05.30,62.05.30.05,62.05.30.10
84.01.00;05.05.15.10
82.13.05;62.05.30.05
07.00.01;37.40.10.20
07.00.03;37.40.10.30
32.18.14;26.25.05.10
28.12.00;24.05.06
32.18.12;26.25.08.10
22.09.00;16.10.08.35
06.00.10;37.25.24.10
09.10.12;37.30.10.05
02.02.02;54.17.15.10
28.12.04;24.05.06.35
02.02.00;54.17.15,54.17.15.10
88.16.08;67.50.56.02
02.02.01;54.17.15.10
20.10.02;16.05.10.15
28.12.08;24.05.06.20
13.05.12;59.05.05.07
20.10.04;16.05.10.15
02.02.04;54.17.15.10
07.00.00;37.40,37.40.10
13.05.10;59.05.05.05
00.14.10;05.15.10.10
82.13.10;62.05.30.05
88.16.12;67.50.56.02
81;60
82;62
83;63
84;05
85;06,68
86;63
32.18.08;26.25.08.05
87;60
88;62,63
21.00.05;16.05.20.05
21.00.07;16.05.20.05
21.00.02;16.05.20.05
21.00.01;16.05.20.05
21.00.03;16.05.20.05
04.14.00;34.35.10.40
28.09.24;24.05.02.20
23.09.04;59.10.10.10
23.09.02;08.15.05.50
04.14.09;34.35.10.40
23.09.00;08.15,08.15.05,08.15.05.48
28.09.20;24.05.02.40
00.18.04;05.05.45.07,05.05.45.30
00.18.02;05.05.45.30
00.18.00;05.05.45,05.05.45.30
28.09.16;24.05.02.20
18.01.13;10.06.52.02
15.21.20;14.35.03.17
21.00.10;16.05.20.05
23.09.10;59.10.10.10
04.14.15;34.35.10.40
21.00.15;16.05.20.10
04.14.10;34.35.10.40
04.14.11;34.35.10.40
28.09.32;24.05.02.45
23.09.15;08.15.05.45
02.04.03;54.17.15.20
07.04.20;37.40.40.10
02.04.02;54.17.15.20
04.14.18;34.35.10.40
81.23.03;60.10.40.15
81.23.00;60.10.40
81.23.01;60.10.40.05
18.01.00;10.06.52,10.06.52.02
28.09.28;24.05.02.25
15.21.30;14.40.20.50
04.14.20;34.35.10.40
07.16.00;37.40.10.10
54.06.06;10.18.10.06
54.06.04;10.18.10.06
54.06.02;10.18.10.06
54.06.00;10.18.10,10.18.10.06,10.18.10.12
28.09.44;24.05.02.15
28.09.40;24.05.02.10
07.04.15;37.25.30.15
81.01.04;60.05.03.20
85.08.05;65.50.05.10
02.04.01;54.17.15.20
28.09.36;24.05.02.45
02.04.00;54.17.15,54.17.15.20
13.01.16;56.05.10.15
05.02.02;58.05.10.10
03.14.06;54.19.32.10
05.02.01;58.05.10.05
05.02.04;58.05.10.25
03.14.04;54.19.32.10
05.02.03;58.05.10.10
85.08.00;65.50,65.50.05,65.50.05.10
17.13.00;10.06.35,10.06.35.20,10.06.35.25
03.14.02;54.19.32.10
05.02.00;58.05,58.05.10,58.05.10.20
85.08.02;65.50.05.10
15.03.10;10.18.12
03.14.00;54.19.32,54.19.32.10
54.06.12;10.18.10.06
54.06.10;10.18.10.06
07.04.00;37.40.40
07.04.04;37.40.40.20
27.00.00;26.05,26.25
81.35.00;60.05.03.35
13.01.00;56.05,56.05.10
28.09.48;24.05.02.15
05.02.16;58.05.10.15
13.01.08;56.05.10.05
05.02.13;58.05.10.15
05.02.12;58.05.10.15
17.13.10;10.06.35.10
21.00.00;16.05.20,16.05.20.05
05.02.15;58.05.10.15
15.03.00;10.10.15.15,10.18.12
54.06.08;10.18.10.06
05.02.10;58.05.10.15
17.01.04;10.06.05.05,10.06.05.30,10.06.20.05,10.06.40.02
06.02.03;37.25.26.15
05.14.17;58.05.05.30
24.10.00;34.05,34.05.03,34.05.03.05,34.05.05,34.05.05.15,34.05.05.20
06.02.02;37.25.26.10
17.01.08;10.06.05.35
06.02.00;37.25.26,37.25.26.05
05.14.13;58.05.05.30
83.11.05;63.05.05.05
05.14.15;58.05.05.30
06.02.04;37.25.26.15
17.01.01;10.06.05.25
24.10.07;34.05.03.12,34.05.03.14,34.05.03.16,34.05.03.18,34.05.03.22,34.05.03.24,34.05.03.26,34.05.03.28,34.05.03.30,34.05.03.32,34.05.03.34,34.05.03.36,34.05.03.38,34.05.03.40
05.14.10;58.05.05.30
05.14.11;58.05.05.30
17.01.00;10.06.05.15,10.06.20
05.14.12;58.05.05.30
14.01.05;47.20.15.05,47.20.15.10,47.20.15.15,47.20.15.20,47.20.15.25,47.20.15.30,47.20.15.35
15.23.07;14.37.05.02
14.01.04;47.20.25,47.20.25.05,47.20.25.10
14.01.02;47.20.10.05
14.01.01;47.20.20,47.20.20.05,47.25,47.25.10,47.25.10.05,47.25.10.10
14.01.00;47.20,47.20.05,47.20.05.05,47.20.10,47.20.15
15.23.00;14.37.05,14.37.05.06
25.00.01;30.25,30.25.05,30.25.05.20,30.25.05.25
85.08.20;65.50.05.10
14.01.09;47.20.10.10
25.00.00;30.04,30.27,30.27.10,30.27.10.05,30.27.10.10
14.01.07;47.15.15,47.15.15.05
17.35.16;10.06.10.15
06.02.10;37.25.26.20
05.14.06;58.05.05.30
24.10.11;34.05.03.03
05.14.07;58.05.05.30
05.14.08;58.05.05.30
29.09.20;26.15.05.05
06.02.11;37.25.26.25
05.14.09;58.05.05.30
01.16.00;37.30,37.30.05,37.30.05.10
05.14.02;58.05.05.30
05.14.03;58.05.05.30
06.02.16;37.25.26.35
05.14.04;58.05.05.30
06.02.15;37.25.26.30
05.14.05;58.05.05.30
17.01.10;10.06.05.10,10.06.35.05
29.30.24;20.02.15.20
05.14.00;58.05.05.30
17.01.11;10.06.05.10
05.14.01;58.05.05.30
17.35.02;10.06.35.15
85.08.15;65.50.05.10
17.35.00;10.06.10,10.06.35
14.01.13;20.16.05.10
83.11.00;63.05.05
14.01.12;47.20.05.10
29.09.15;20.05.05.32
17.35.08;10.06.35.15
21.02.00;16.05.20.05
17.35.06;10.06.35.15
85.08.10;65.50.05.10
17.35.04;10.06.35.15
04.14.22;34.35.10.40
28.09.00;24.05.02,24.05.02.55
32.21.12;26.25.05.30
32.21.14;26.25.05.35
32.21.16;26.25.05.40
13.03.00;56.05,56.05.15,56.05.15.05,56.05.15.10,56.05.15.15,56.05.15.18,56.05.15.20
32.21.17;26.25.05.45
17.11.24;10.06.54.05,10.06.54.10,10.06.54.15,10.06.54.20,10.06.54.25,10.06.54.30,10.06.57.05,10.06.57.10,17.20.05.15
09.02.11;37.25.02.05,37.25.02.10
17.11.28;10.06.54.05,10.06.54.10,10.06.54.15,10.06.54.20,10.06.54.25,10.06.54.30,10.06.57.05,10.06.57.10,17.20.05.15
01.16.04;37.30.05.10
01.16.06;37.30.05.15
08.02.00;58.20.10,58.20.10.15
32.21.20;26.25.05.50
29.09.04;20.10.05.05,20.10.10.10
09.02.16;37.25.02.05,37.25.02.10
05.26.10;52.10.10.05
08.02.05;58.20.10.15
17.11.20;10.06.40.30
20.02.00;16.10.08
08.02.06;58.20.10.15
20.02.01;16.10.08.35
29.09.08;20.10.35.15
09.02.15;37.25.02.05,37.25.02.10
20.02.02;16.10.08.40
05.26.15;52.10.10.05
20.02.03;16.10.08.35
06.02.30;37.25.26.20
29.09.00;20.10,20.10.05,20.10.05.10,20.10.10,20.10.35,26.15,26.15.05
06.02.35;37.25.26.45
09.02.09;37.25.02.05,37.25.02.10
27.42.40;26.15.05.05
32.21.00;06.30.10.30,26.25.05
28.09.12;24.05.02.45
05.14.20;58.05.05.30
05.14.21;58.05.05.30
28.09.08;24.05.02.35
13.25.00;59.05,59.05.10,59.05.10.55
09.02.00;37.25.02,37.25.02.05,37.25.02.10,37.25.02.15
28.09.04;24.05.02.30
08.02.10;58.20.10.15
04.04.00;17.22.02,17.22.02.10
09.02.08;37.25.02.05,37.25.02.10
09.02.05;37.25.02.05,37.25.02.10
05.26.00;52.10.10,52.10.10.05
09.02.06;37.25.02.05,37.25.02.10
09.02.03;37.25.02.05,37.25.02.10
09.02.04;37.25.02.05,37.25.02.10
05.26.05;52.10.10.05
09.02.01;37.25.02.05,37.25.02.10
09.02.02;37.25.02.05,37.25.02.10
